5.1,3.5,1.4,0.2,0
4.9,3,1.4,0.2,0
4.7,3.2,1.3,0.2,0
4.6,3.1,1.5,0.2,0
5,3.6,1.4,0.2,0
5.4,3.9,1.7,0.4,0
4.6,3.4,1.4,0.3,0
5,3.4,1.5,0.2,0
4.4,2.9,1.4,0.2,0
4.9,3.1,1.5,0.1,0
5.4,3.7,1.5,0.2,0
4.8,3.4,1.6,0.2,0
4.8,3,1.4,0.1,0
4.3,3,1.1,0.1,0
5.8,4,1.2,0.2,0
5.7,4.4,1.5,0.4,0
5.4,3.9,1.3,0.4,0
5.1,3.5,1.4,0.3,0
5.7,3.8,1.7,0.3,0
5.1,3.8,1.5,0.3,0
5.4,3.4,1.7,0.2,0
5.1,3.7,1.5,0.4,0
4.6,3.6,1,0.2,0
5.1,3.3,1.7,0.5,0
4.8,3.4,1.9,0.2,0
5,3,1.6,0.2,0
5,3.4,1.6,0.4,0
5.2,3.5,1.5,0.2,0
5.2,3.4,1.4,0.2,0
4.7,3.2,1.6,0.2,0
4.8,3.1,1.6,0.2,0
5.4,3.4,1.5,0.4,0
5.2,4.1,1.5,0.1,0
5.5,4.2,1.4,0.2,0
4.9,3.1,1.5,0.2,0
5,3.2,1.2,0.2,0
5.5,3.5,1.3,0.2,0
4.9,3.6,1.4,0.1,0
7,3.2,4.7,1.4,1
6.4,3.2,4.5,1.5,1
6.9,3.1,4.9,1.5,1
5.5,2.3,4,1.3,1
6.5,2.8,4.6,1.5,1
5.7,2.8,4.5,1.3,1
6.3,3.3,4.7,1.6,1
4.9,2.4,3.3,1,1
6.6,2.9,4.6,1.3,1
5.2,2.7,3.9,1.4,1
5,2,3.5,1,1
5.9,3,4.2,1.5,1
6,2.2,4,1,1
6.1,2.9,4.7,1.4,1
5.6,2.9,3.6,1.3,1
6.7,3.1,4.4,1.4,1
5.6,3,4.5,1.5,1
5.8,2.7,4.1,1,1
6.2,2.2,4.5,1.5,1
5.6,2.5,3.9,1.1,1
5.9,3.2,4.8,1.8,1
6.1,2.8,4,1.3,1
6.3,2.5,4.9,1.5,1
6.1,2.8,4.7,1.2,1
6.4,2.9,4.3,1.3,1
6.6,3,4.4,1.4,1
6.8,2.8,4.8,1.4,1
6.7,3,5,1.7,1
6,2.9,4.5,1.5,1
5.7,2.6,3.5,1,1
5.5,2.4,3.8,1.1,1
5.5,2.4,3.7,1,1
5.8,2.7,3.9,1.2,1
6,2.7,5.1,1.6,1
5.4,3,4.5,1.5,1
6,3.4,4.5,1.6,1
6.7,3.1,4.7,1.5,1
6.3,2.3,4.4,1.3,1
5.6,3,4.1,1.3,1
5.5,2.5,4,1.3,1
6.3,3.3,6,2.5,2
5.8,2.7,5.1,1.9,2
7.1,3,5.9,2.1,2
6.3,2.9,5.6,1.8,2
6.5,3,5.8,2.2,2
7.6,3,6.6,2.1,2
4.9,2.5,4.5,1.7,2
7.3,2.9,6.3,1.8,2
6.7,2.5,5.8,1.8,2
7.2,3.6,6.1,2.5,2
6.5,3.2,5.1,2,2
6.4,2.7,5.3,1.9,2
6.8,3,5.5,2.1,2
5.7,2.5,5,2,2
5.8,2.8,5.1,2.4,2
6.4,3.2,5.3,2.3,2
6.5,3,5.5,1.8,2
7.7,3.8,6.7,2.2,2
7.7,2.6,6.9,2.3,2
6,2.2,5,1.5,2
6.9,3.2,5.7,2.3,2
5.6,2.8,4.9,2,2
7.7,2.8,6.7,2,2
6.3,2.7,4.9,1.8,2
6.7,3.3,5.7,2.1,2
7.2,3.2,6,1.8,2
6.2,2.8,4.8,1.8,2
6.1,3,4.9,1.8,2
6.4,2.8,5.6,2.1,2
7.2,3,5.8,1.6,2
7.4,2.8,6.1,1.9,2
7.9,3.8,6.4,2,2
6.4,2.8,5.6,2.2,2
6.3,2.8,5.1,1.5,2
6.1,2.6,5.6,1.4,2
7.7,3,6.1,2.3,2
6.3,3.4,5.6,2.4,2
6.4,3.1,5.5,1.8,2
6,3,4.8,1.8,2
6.9,3.1,5.4,2.1,2
6.25611,2.83009,5.65897,1.76794,2
7.13605,3.22032,5.95286,1.78321,2
5.46663,2.58707,4.06052,1.2962,1
5.56345,2.94907,4.20523,1.35587,1
5.65221,2.506,3.90419,1.12863,1
6.1,2.6,5.6,1.4,2
5.00799,3.2204,1.22655,0.196967,0
4.81689,3.07106,1.45365,0.199762,0
6,2.7,5.1,1.6,1
7.71136,2.64142,6.93884,2.27438,2
5.09821,3.50174,1.43539,0.350413,0
4.80853,3.08863,1.53449,0.108005,0
5.36233,3.68648,1.53036,0.172777,0
5.7,4.4,1.5,0.4,0
6.44348,3.13593,5.29136,2.27502,2
6.17967,3.04065,4.87052,1.8367,2
5.48362,2.97667,4.52114,1.51828,1
6.25775,2.93415,5.54502,1.8652,2
5.6,3,4.1,1.3,1
5.9,3.2,4.8,1.8,1
7.03025,3.18107,4.67885,1.33857,1
5.68493,3.02089,4.13016,1.24778,1
6.3,2.5,4.9,1.5,1
6.05177,3.09411,4.82778,1.79887,2
5.5395,2.92067,3.54977,1.34692,1
6.66591,2.47335,5.81946,1.80282,2
4.868,2.42338,3.2615,0.913157,1
5.76657,2.73248,5.03429,1.88173,2
5.6,3,4.5,1.5,1
6.7,3,5,1.7,1
5.34499,3.88358,1.72656,0.479585,0
7.39415,2.86522,6.07997,1.85211,2
5.12923,3.64601,1.40758,0.414907,0
5.43419,3.39416,1.7212,0.180938,0
6.32266,2.95859,5.6257,1.74954,2
4.87168,2.51363,4.6025,1.71239,2
6.33582,2.68214,4.8449,1.80126,2
6.50939,3.1049,5.7615,2.17918,2
6.06567,2.86389,4.6702,1.17146,1
5.52539,2.45704,3.76155,0.958871,1
5.21564,3.47311,1.43794,0.164233,0
4.83106,3.0032,1.37039,0.101847,0
7.515,3.07533,6.61974,2.04228,2
6.70981,3.31548,5.67906,2.13643,2
5.4,3.9,1.7,0.4,0
6.8,2.8,4.8,1.4,1
6.09957,2.82954,4.72184,1.23553,1
5.15636,2.76279,3.90245,1.38406,1
5.7,2.6,3.5,1,1
4.97943,3.39883,1.55039,0.233284,0
5.98336,3.03422,4.89605,1.82011,2
5.46661,3.54688,1.24883,0.161682,0
5.0224,3.6528,1.40067,0.232964,0
6.31518,2.75231,5.61284,2.24933,2
4.73615,3.02299,1.62489,0.228266,0
7.68014,3.02415,6.11988,2.28753,2
6.06166,2.19715,4.96669,1.4906,2
6.35927,2.85681,5.63108,2.16965,2
4.62098,3.36065,1.37689,0.246866,0
6.57852,3.00365,5.8462,2.12745,2
5.60377,2.87891,3.64814,1.25504,1
5.29615,4.09601,1.46673,0.105751,0
5.73803,4.32297,1.5201,0.436987,0
4.77003,3.45627,1.61027,0.20636,0
6.30753,3.29679,4.58198,1.66076,1
5.70598,2.79161,4.43297,1.28188,1
6.20036,3.46331,5.53667,2.4018,2
5.11789,3.44299,1.48376,0.277285,0
6.73009,3.2938,5.68413,2.18338,2
5.47435,4.21463,1.41514,0.25369,0
6.4,2.9,4.3,1.3,1
4.81024,3.08987,1.6955,0.272833,0
4.76187,3.28383,1.33176,0.168131,0
6.02784,3.02512,4.82129,1.73394,2
5.17727,3.86333,1.55809,0.398863,0
6.066,2.81122,4.60948,1.29415,1
7.71035,2.65766,6.8528,2.3019,2
5.10564,3.44501,1.38658,0.203521,0
5.99502,2.69596,5.08604,1.56573,1
6.88318,3.1718,5.7133,2.27669,2
5.89362,2.20975,3.94014,1.10155,1
4.92316,3.61292,1.38001,0.0891755,0
5.40548,3.00859,4.56788,1.47315,1
6.70448,3.03019,4.91605,1.7674,1
4.24778,3.05478,1.06295,0.117292,0
4.8,3,1.4,0.1,0
5.93333,3.45952,4.45719,1.56878,1
5.66068,2.64669,3.4989,1.09038,1
6.83099,2.80343,4.90459,1.39912,1
6.41868,3.30378,4.51135,1.47589,1
5.41234,3.64515,1.53551,0.197204,0
6.29749,2.64434,4.98183,1.80586,2
5,3.2,1.2,0.2,0
7.1,3,5.9,2.1,2
6.5491,2.8955,4.59963,1.44544,1
5.85909,2.65955,4.07906,1.04475,1
7.15032,3.19809,6.04142,1.83807,2
6.84276,2.79437,4.71063,1.34289,1
6.27541,2.79186,5.04448,1.44603,2
5.39259,3.47179,1.75934,0.245596,0
4.92146,3.59579,1.36372,0.0654183,0
5.10247,1.96191,3.47748,0.931045,1
5.61285,2.62474,3.5159,0.985297,1
4.82694,3.48399,1.57941,0.131478,0
6.24061,2.25208,4.37157,1.33358,1
4.45427,2.93419,1.43345,0.165019,0
7.74715,3.85067,6.76967,2.26858,2
5.42458,3.43902,1.65809,0.196114,0
6.75274,2.39907,5.71776,1.8144,2
6.04962,2.91354,4.48194,1.55497,1
6.40756,2.46561,4.88568,1.53122,1
6.63532,3.07545,4.33082,1.35299,1
4.54361,3.08661,1.44999,0.182498,0
6.1995,2.85587,4.77661,1.42613,1
4.72437,3.15836,1.29328,0.190184,0
6.19302,2.24341,4.54422,1.59266,1
7.19068,3.27598,5.93979,1.76814,2
6.34241,2.84871,5.11163,1.47775,2
5.66497,2.40439,5.0307,2.03216,2
6.77836,2.472,5.75916,1.72997,2
6.71798,2.92794,5.03913,1.73863,1
6.4,2.8,5.6,2.1,2
6.06213,2.78399,5.12647,1.58656,1
7.54316,2.94424,6.56074,2.11163,2
5.71126,3.79292,1.72498,0.324337,0
7.23642,3.11589,5.99995,1.86958,2
6.34023,2.76243,5.67329,2.02553,2
7.70463,3.05131,6.03283,2.31092,2
6.16564,2.16841,4.49008,1.50601,1
5.61336,2.99583,4.06209,1.33613,1
4.9018,3.06609,1.33949,0.252261,0
4.64211,3.42286,1.42709,0.300683,0
5.61768,2.42174,3.92677,1.11763,1
6.04864,2.20219,3.94905,0.982364,1
5.37006,3.39257,1.54419,0.465245,0
7.7,3.8,6.7,2.2,2
5.7,2.5,5,2,2
6.74388,3.05338,5.52426,2.03314,2
5.58721,4.1647,1.36411,0.173524,0
5.76834,2.64921,4.0803,0.961743,1
5.00158,2.39783,3.37681,0.952745,1
6.66903,3.11165,4.73985,1.53323,1
5.42526,3.87486,1.39484,0.359273,0
6.05276,2.94494,4.68129,1.35701,1
5.85211,2.79209,5.1401,2.41127,2
6.39002,2.4437,4.91947,1.46366,1
6.1603,2.75082,4.84591,1.70537,2
6.42018,2.89988,4.31349,1.31112,1
5.4,3,4.5,1.5,1
4.76899,3.47106,1.94445,0.176183,0
6.06936,3.38154,4.5487,1.54271,1
4.99963,2.07029,3.43885,0.984102,1
5.16404,4.03585,1.50122,0.0417308,0
6.22431,3.4,4.8053,1.63541,1
4.94636,3.37658,1.6062,0.462445,0
4.89748,3.36152,1.89014,0.25207,0
7.51834,2.98208,6.53605,2.12532,2
6.30559,3.3351,6.03739,2.40946,2
4.59328,3.17248,1.53137,0.192418,0
6.01956,2.16071,4.89817,1.49915,2
7.3,2.9,6.3,1.8,2
5.59718,3.11276,4.48457,1.48286,1
5.61674,3.05343,4.05984,1.29715,1
6.2585,2.56747,4.93842,1.52009,1
4.61179,3.13051,1.53116,0.209918,0
5,3.4,1.6,0.4,0
6.41596,3.01701,5.53166,1.80038,2
6.35241,2.81963,5.60776,2.24808,2
5.24419,2.72996,3.89686,1.38502,1
6.46544,3.16147,4.47949,1.48407,1
6.99198,3.18376,4.73007,1.36517,1
6.12894,2.88596,4.61703,1.3458,1
6.29119,2.66076,4.86991,1.75448,2
4.6,3.1,1.5,0.2,0
4.57552,3.44397,1.39526,0.351728,0
6.00195,2.83911,4.48132,1.62359,1
5.50348,2.26339,3.99899,1.25759,1
6.21711,2.87818,5.08464,1.55944,2
6.1,2.8,4.7,1.2,1
5.05373,3.3227,1.50411,0.146312,0
6.2,2.8,4.8,1.8,2
5.42207,3.42399,1.81541,0.245676,0
4.99829,3.23974,1.25138,0.192044,0
5.59434,4.41063,1.39969,0.353071,0
4.9,3.6,1.4,0.1,0
5.6,2.5,3.9,1.1,1
5.97583,3.25442,4.85605,1.81338,1
5.49694,3.44918,1.53439,0.372949,0
4.34361,2.9625,1.41664,0.256005,0
5.9,3,4.2,1.5,1
6.88784,3.06703,4.90099,1.56029,1
5.02525,2.99483,1.54952,0.143841,0
6.7,3.1,4.4,1.4,1
5.68463,2.85081,4.54145,1.29671,1
6.42516,2.96659,5.44359,1.85335,2
5.62097,2.51313,3.84327,1.12654,1
6.3,3.3,4.7,1.6,1
6.6,3,4.4,1.4,1
5.44384,2.37373,3.86887,1.20264,1
4.93903,3.38444,1.60087,0.478985,0
5.1,3.3,1.7,0.5,0
6,2.9,4.5,1.5,1
6.15828,2.59756,5.61309,1.41765,2
6.39667,2.68793,5.30312,1.8266,2
5.51217,2.37114,3.9181,1.29112,1
6.4,3.2,5.3,2.3,2
7.18706,2.97956,5.87023,1.5424,2
6.53829,3.00903,4.45946,1.37961,1
5.83517,2.75762,5.0997,1.90926,2
5.62348,2.52324,3.88089,1.094,1
6.57921,3.08549,4.37686,1.38766,1
7.7,2.8,6.7,2,2
5.57821,2.82133,4.89803,1.99885,2
5,3,1.6,0.2,0
4.90641,3.01019,1.59395,0.062318,0
6.77852,2.79653,4.74008,1.36301,1
4.95349,2.9908,1.55437,0.202271,0
6.91185,3.10024,5.50467,2.01007,2
5,3.6,1.4,0.2,0
4.60794,3.15813,1.61029,0.155104,0
4.83098,3.06528,1.45737,0.238401,0
5.6,2.9,3.6,1.3,1
4.88707,3.55627,1.30957,0.114917,0
6.42009,3.05126,5.43344,1.8153,2
6.49403,3.23142,4.5246,1.53825,1
6.6937,3.04014,4.63129,1.46603,1
5.91763,3.28978,4.5044,1.5682,1
4.87267,2.9828,1.42349,0.213129,0
4.67308,3.63572,1.04881,0.24739,0
6.46596,2.81492,5.60815,2.17533,2
5.69249,2.91434,3.57186,1.31998,1
5.73457,2.56435,3.49357,1.00916,1
6.06396,2.62737,5.55898,1.39506,2
6.84646,2.81313,4.85291,1.42003,1
7.7,3,6.1,2.3,2
5.40868,3.89156,1.75696,0.492971,0
5.72859,2.8631,4.49782,1.32233,1
5.18439,2.80401,3.88324,1.52492,1
5.7495,2.81731,5.20883,2.44792,2
4.9,3,1.4,0.2,0
5.50762,4.21756,1.40598,0.226828,0
4.83085,3.14283,1.57361,0.258197,0
7.86287,3.84983,6.40662,2.00524,2
4.63588,3.33961,1.36315,0.234647,0
6.17346,2.19545,4.43706,1.49569,1
7.18564,3.0588,5.73832,1.61587,2
6.4082,3.12593,5.48383,1.83737,2
5.56396,3.02781,4.51967,1.50672,1
7.4146,2.835,6.07265,1.90632,2
5.40076,3.04073,4.41301,1.4802,1
5.58715,2.84603,4.90142,2.02956,2
6.07081,2.71338,4.70374,1.18496,1
5.12161,3.55087,1.41409,0.267068,0
6.41011,2.78426,5.52719,2.0781,2
4.29081,3.08082,1.06293,0.144179,0
5.13515,4.13919,1.51329,0.10879,0
5.45665,3.41793,1.47351,0.477747,0
7.67652,3.76342,6.72072,2.22637,2
5.5,2.4,3.8,1.1,1
6.5,3,5.8,2.2,2
5.97737,2.67703,4.96279,1.6312,1
4.67198,3.41743,1.40588,0.341523,0
6.4,3.1,5.5,1.8,2
6.2715,3.38248,6.08406,2.57292,2
6.47632,3.19166,5.29201,2.3371,2
6.06468,2.85844,4.03027,1.32163,1
5.23835,3.46377,1.48888,0.226338,0
5.5,2.3,4,1.3,1
6.4,3.2,4.5,1.5,1
5.73198,2.91048,5.1328,2.33754,2
6.08847,2.52851,5.59883,1.43019,2
6.7,2.5,5.8,1.8,2
4.521,2.86814,1.46172,0.166085,0
6.87968,3.20413,5.68651,2.34773,2
5.43799,2.93398,4.48383,1.51963,1
6.30074,2.9789,5.57937,1.77063,2
6.20473,2.94903,4.69659,1.35152,1
6.51866,3.00189,5.50408,1.7836,2
7.87056,3.87194,6.37328,2.00119,2
6.47741,2.98714,5.78823,2.24142,2
5.7802,2.7238,5.18134,2.35826,2
7.6,3,6.6,2.1,2
6.36983,3.16585,4.45214,1.44563,1
6.31111,3.4201,5.56023,2.39986,2
4.96253,3.69638,1.31964,0.188147,0
5.5065,2.45224,3.7525,0.987519,1
5.1,3.5,1.4,0.3,0
5.55307,3.39134,1.23815,0.133778,0
5.7212,4.12125,1.202,0.190695,0
7.75698,2.82789,6.65669,1.97007,2
4.9745,3.48627,1.50586,0.198978,0
6.5821,2.97282,4.42661,1.41217,1
5.90163,3.27808,4.81014,1.70826,1
5.8,2.7,5.1,1.9,2
6.87522,2.9787,4.91101,1.50321,1
4.89399,2.88748,1.43772,0.302164,0
4.77905,3.00838,1.4315,0.0449109,0
7.36043,2.8734,6.28781,1.80493,2
5.38646,3.87174,1.29994,0.377359,0
4.9058,3.64045,1.46147,0.157524,0
6.3,3.3,6,2.5,2
5.7278,2.64222,3.85145,1.19102,1
5.4372,3.7592,1.51559,0.171869,0
6.9,3.1,4.9,1.5,1
5.89348,3.22466,4.85962,1.89707,1
6.27146,2.35734,4.33428,1.22958,1
4.9,3.1,1.5,0.1,0
5.06512,3.24546,1.73299,0.490779,0
6.1,2.8,4,1.3,1
6.24577,2.83267,5.65802,1.78572,2
5.6,2.8,4.9,2,2
5.02121,3.76743,1.56759,0.298397,0
6.22699,2.94958,4.84466,1.75071,2
6.18005,2.9529,4.62704,1.35768,1
6.10391,3.0041,4.80392,1.83537,2
4.64452,3.61274,1.00878,0.251435,0
5.4,3.7,1.5,0.2,0
5.53661,2.38416,4.03651,1.36955,1
6.51024,2.83928,4.59271,1.4933,1
4.94985,3.04597,1.45644,0.196522,0
6.96946,3.14674,4.83465,1.57075,1
4.72118,3.15891,1.52388,0.18648,0
6.12302,2.82195,4.74136,1.86282,2
7.26436,2.99225,5.76345,1.60563,2
6.7331,3.02546,4.9774,1.66629,1
6.10796,2.96332,4.86194,1.82018,2
5.81944,2.72296,5.12582,1.96625,2
4.79003,2.99065,1.40545,0.154896,0
6.78911,2.8627,4.87218,1.28708,1
6.40156,2.89469,5.58907,2.16809,2
5.05911,3.35708,1.56731,0.340162,0
5.4,3.9,1.3,0.4,0
7.79792,3.83261,6.72705,2.24546,2
6.29936,2.20729,4.40591,1.23526,1
5.34069,2.93016,4.47995,1.49089,1
5.11892,3.85665,1.56428,0.224448,0
4.7211,3.44848,1.56914,0.301184,0
4.83634,3.03454,1.44537,0.109352,0
5.34288,3.4879,1.73102,0.254266,0
5.65244,4.39266,1.55417,0.348478,0
6.57628,2.82551,4.66767,1.34191,1
7.15676,2.95316,5.99351,2.03781,2
7.22474,3.59079,6.17977,2.46335,2
6.68696,3.06831,4.38486,1.32888,1
5.02938,3.33393,1.65535,0.578921,0
6.36944,2.86721,4.3444,1.24147,1
7.01745,3.33232,4.66404,1.36006,1
6.56409,3.2614,5.08271,2.06665,2
5.60653,2.85812,4.83196,2.01881,2
4.48273,2.90883,1.40113,0.234762,0
6.47137,3.20179,5.08138,1.97941,2
5.21974,3.36045,1.45182,0.200551,0
7.13292,2.97976,5.80761,2.15291,2
6.89281,3.11015,4.85246,1.44145,1
5.23884,4.12672,1.54773,0.113064,0
5.4707,2.36432,3.85625,1.1167,1
7.7,2.6,6.9,2.3,2
5.7,2.8,4.5,1.3,1
5.5699,2.28671,3.95874,1.31535,1
5.65467,2.43608,5.06979,1.96893,2
7.13336,3.05196,5.91489,2.13786,2
5.66748,2.46346,4.98332,2.02603,2
5.1,3.8,1.5,0.3,0
6.4,2.8,5.6,2.2,2
5.5746,3.03485,4.47651,1.49308,1
4.8,3.1,1.6,0.2,0
4.6,3.4,1.4,0.3,0
5.70394,2.5769,3.51996,0.967543,1
5.4,3.4,1.7,0.2,0
6.19253,2.74273,4.86575,1.86617,2
5.72665,2.47789,5.0021,1.99207,2
5,3.4,1.5,0.2,0
6.43961,3.11964,5.47494,1.75012,2
5.07884,3.33299,1.6996,0.601404,0
5.4,3.4,1.5,0.4,0
5.39318,3.38958,1.46757,0.435112,0
6.11084,2.94551,4.78238,1.74665,2
5.03363,3.50624,1.58922,0.229213,0
4.3,3,1.1,0.1,0
5.03832,3.74977,1.49993,0.312581,0
7.9,3.8,6.4,2,2
6.89378,3.0148,5.57917,2.04585,2
5.88539,3.95938,1.27947,0.155587,0
6.87477,3.18106,5.62263,2.32201,2
6.70392,3.03695,4.97348,1.63661,1
7,3.2,4.7,1.4,1
6.64729,2.5991,5.78824,1.82253,2
5.8,2.7,4.1,1,1
7.11029,3.21274,6.04753,1.78729,2
6.39571,3.24485,4.5528,1.50714,1
4.98441,3.27645,1.19978,0.221917,0
5.68561,2.82685,4.53091,1.21201,1
5.7981,4.0124,1.236,0.169593,0
6.36746,3.2397,5.92745,2.54921,2
6.23307,3.28029,4.70709,1.60018,1
4.55205,3.11079,1.44719,0.180987,0
6.69472,3.11669,4.42084,1.42417,1
4.94427,3.18687,1.18548,0.21832,0
6.82558,3.15624,5.37434,2.14161,2
5.40597,4.21384,1.31158,0.129447,0
5.08225,3.7543,1.51261,0.397267,0
6.01716,2.86648,4.5267,1.41125,1
5.74467,3.80273,1.69629,0.298056,0
4.73118,3.40627,1.82928,0.171703,0
5.2,3.5,1.5,0.2,0
5.2,4.1,1.5,0.1,0
7.17198,3.59498,6.10784,2.53883,2
4.75927,3.14614,1.41265,0.168328,0
4.8944,2.3683,3.34307,0.985281,1
6.61116,2.55452,5.81525,1.80554,2
6.28798,3.36997,5.55859,2.45442,2
6.18312,2.52082,5.54543,1.42052,2
6.63222,3.3018,5.60331,2.10832,2
7.71967,2.81776,6.75613,2.10077,2
5.91904,3.049,4.25885,1.55819,1
4.8945,2.59588,4.44848,1.78009,2
5.10137,3.45852,1.48492,0.293456,0
6.04155,2.90795,4.50408,1.49635,1
6.4,2.7,5.3,1.9,2
6.69325,3.12079,4.44253,1.38833,1
4.56211,3.65921,1.03241,0.16316,0
4.74107,3.47688,1.89897,0.165342,0
6.01108,2.20402,5.06272,1.46416,2
5.80296,2.7003,5.11102,1.9652,2
5.107,3.73383,1.43481,0.367564,0
6.13167,2.94179,4.89636,1.81837,2
5.17341,3.39725,1.50669,0.21715,0
6.07114,2.80965,4.57909,1.20353,1
6.16302,2.66941,5.58495,1.38602,2
6.80254,2.99626,5.48554,2.03039,2
6,2.2,4,1,1
6.24436,2.56202,4.91607,1.53524,1
5.94713,2.22172,3.99155,1.04166,1
7.70529,3.73599,6.61715,2.29675,2
4.82881,3.01527,1.527,0.249213,0
6.17116,2.84828,5.01224,1.59149,2
4.95692,3.07113,1.49435,0.0202763,0
7.70059,2.64005,6.9407,2.36047,2
5.83073,2.6812,3.90215,1.20493,1
5.72989,2.59567,3.54687,0.968731,1
4.28049,3.00399,1.08614,0.0794502,0
6.43743,3.00307,5.71499,2.18796,2
5.44256,3.34379,1.57348,0.332637,0
4.81319,3.0856,1.56708,0.243858,0
5.81524,2.65577,4.07508,0.969242,1
7.78342,2.85447,6.69122,2.12759,2
5.87641,3.01241,4.19471,1.46536,1
5.07073,3.77163,1.57418,0.450899,0
5.48216,2.40211,3.96221,1.30629,1
6.3754,2.73447,5.38055,1.90007,2
7.16238,2.9585,6.26608,1.78555,2
6.597,3.03677,4.46868,1.39784,1
6.32288,2.31091,4.43026,1.30403,1
4.91789,3.32219,1.55363,0.426187,0
6.19223,3.28759,4.70196,1.55033,1
6.85881,3.13461,5.23771,2.08298,2
5.16671,3.28438,1.69225,0.467116,0
5.13087,1.97164,3.52911,0.989987,1
6.3,2.7,4.9,1.8,2
4.82784,3.55433,1.38619,0.103235,0
7.5338,2.71861,6.13282,1.83725,2
5.77445,2.69207,4.16733,0.995986,1
4.90228,2.45937,3.32442,1.07837,1
4.85118,2.43659,4.45381,1.70174,2
5.0865,3.76057,1.6079,0.272807,0
6,3,4.8,1.8,2
6.35657,2.88667,4.25264,1.31424,1
6.2,2.2,4.5,1.5,1
7.12926,2.98176,5.86627,2.10596,2
6.9021,3.07032,4.85914,1.55235,1
6.51336,3.04805,5.4679,1.82776,2
6.93345,3.12361,5.76661,2.29777,2
5.8,2.8,5.1,2.4,2
6.8475,3.12186,5.487,2.03187,2
5.5015,2.43786,3.66432,1.01368,1
6.44192,2.8991,5.58446,2.06294,2
5.80115,3.2076,4.76604,1.79349,1
4.6,3.6,1,0.2,0
5.63982,3.80245,1.71515,0.299904,0
5.2,3.4,1.4,0.2,0
5.52478,3.4368,1.24513,0.144804,0
6.3,3.4,5.6,2.4,2
5.5,4.2,1.4,0.2,0
6.7,3.1,4.7,1.5,1
5.72255,3.79162,1.67416,0.275364,0
6.8,3,5.5,2.1,2
6.42827,2.80203,5.56115,2.25671,2
5.57237,2.83711,4.87475,1.9757,2
6.34414,2.32115,4.30096,1.38494,1
4.58176,3.085,1.53573,0.186924,0
6.23229,2.82095,4.82836,1.78958,2
6.21951,3.32695,5.57083,2.41617,2
6.51414,2.84285,4.62537,1.40282,1
6.03569,3.41187,4.54845,1.60598,1
6.2658,2.83444,5.05381,1.5514,2
5.62542,4.30559,1.43266,0.360591,0
5.8,4,1.2,0.2,0
5.90857,3.01714,4.18839,1.48752,1
4.7405,3.27783,1.31545,0.186436,0
6.38825,2.88744,4.26615,1.2893,1
6.1,2.9,4.7,1.4,1
6.02154,2.29895,3.98086,0.999958,1
5.61554,2.78254,4.58732,1.27106,1
6.5,2.8,4.6,1.5,1
6.12975,2.82586,4.77784,1.78995,2
6.4088,2.68511,5.2669,1.9869,2
7.12117,3.6223,6.1005,2.55602,2
6.4736,3.14739,5.27192,2.2804,2
6.33692,2.48904,4.9524,1.45327,1
5.27403,3.36438,1.45469,0.104949,0
4.99392,3.43016,1.5837,0.387004,0
6.1,3,4.9,1.8,2
4.9,2.4,3.3,1,1
4.79586,3.21307,1.30868,0.130846,0
6.09303,2.8503,4.00732,1.20876,1
5.11572,3.61677,1.38457,0.21747,0
4.21402,3.02949,1.14301,0.124284,0
7.28415,2.76508,6.10363,1.87748,2
5.7,3.8,1.7,0.3,0
6.13514,2.14185,4.97416,1.44159,2
5.00199,3.57997,1.42503,0.152117,0
5.2,2.7,3.9,1.4,1
6.14018,2.9693,4.90451,1.72042,2
4.79226,2.99222,1.36646,-0.00522341,0
4.9945,3.41814,1.48099,0.193238,0
6.94807,3.09234,5.40358,2.13186,2
7.80195,3.04004,6.18521,2.2799,2
5.14561,3.34358,1.41673,0.240264,0
6.65792,3.37188,5.69606,2.12917,2
6.1634,2.82451,4.03865,1.38569,1
4.91136,2.44761,4.39725,1.69272,2
6.28555,3.35607,4.60369,1.64806,1
5.46783,2.36404,3.90995,1.27052,1
4.7,3.2,1.3,0.2,0
4.99512,2.9685,1.6286,0.148695,0
5.8,2.7,3.9,1.2,1
6.77892,3.00581,5.58758,2.13968,2
6.01864,2.62629,5.09087,1.52744,1
6.5602,2.98633,4.55906,1.32004,1
4.7,3.2,1.6,0.2,0
4.62479,3.19959,1.64774,0.182767,0
6.41483,3.11701,5.40124,1.77659,2
5.48013,2.42811,3.7107,1.00532,1
5.79629,3.01422,4.1445,1.4694,1
4.86715,3.09319,1.54119,0.287441,0
5.37761,3.86628,1.29439,0.398962,0
4.86851,2.44353,4.4885,1.70823,2
5.5032,2.3695,3.69878,0.9461,1
6.40652,2.91124,4.31938,1.29711,1
5.68518,2.53526,5.02769,1.90002,2
4.36234,2.91432,1.01907,0.126032,0
5.73509,4.03202,1.10669,0.276101,0
5.51209,2.86676,4.88997,1.93192,2
4.8,3.4,1.9,0.2,0
6.56243,3.07606,5.492,1.82919,2
4.97637,3.6151,1.39543,0.214576,0
5.12132,3.31623,1.71923,0.5565,0
6.76784,3.08894,4.36987,1.38718,1
6.98707,3.1419,4.65669,1.40842,1
4.5298,3.54463,0.90099,0.177344,0
6.9,3.2,5.7,2.3,2
5.9756,2.18358,4.9714,1.40193,2
6.6,2.9,4.6,1.3,1
5.99539,2.8212,4.47549,1.5488,1
5.54132,2.90255,3.59929,1.38751,1
5.37926,3.71351,1.54581,0.186724,0
6.3977,2.71744,4.67114,1.57408,1
6.5331,3.24133,5.08422,2.00346,2
5.5,2.5,4,1.3,1
7.62684,3.11328,6.60146,2.04761,2
5.85231,3.22929,4.81786,1.73862,1
5.5,2.4,3.7,1,1
4.78548,3.40308,1.7936,0.213905,0
7.66677,3.06002,6.58431,2.05077,2
6.93905,3.14541,4.76633,1.45958,1
5.45635,2.52531,4.01259,1.3276,1
6.5932,3.10559,4.34827,1.41996,1
6.34914,2.61686,5.35943,1.85106,2
5.74535,2.69657,5.12228,1.91475,2
7.63553,3.76617,6.72799,2.16388,2
7.92158,3.85145,6.45011,2.04955,2
5,2,3.5,1,1
6.34534,3.25509,5.30731,2.29328,2
5.37501,3.95643,1.27759,0.365625,0
5.1,3.5,1.4,0.2,0
5.31688,4.00602,1.53243,0.107854,0
5.80142,4.08442,1.11885,0.212755,0
7.72479,2.74071,6.69845,1.96157,2
6.3,2.3,4.4,1.3,1
7.2,3,5.8,1.6,2
6.43299,3.11552,5.20638,1.96235,2
6.23748,2.22404,4.50077,1.47368,1
6.49031,3.08578,5.78593,2.16928,2
5.9243,2.74282,5.02926,1.59753,1
4.4,2.9,1.4,0.2,0
6.35542,3.16837,5.97501,2.46255,2
5.28755,3.50073,1.47673,0.174922,0
5.62866,2.44092,3.82094,1.21296,1
4.3444,2.93455,1.39364,0.161121,0
5.56745,2.96498,4.56945,1.47948,1
5.97035,3.36613,4.55047,1.63746,1
7.96513,3.70851,6.3674,1.94755,2
6.7,3.3,5.7,2.1,2
5.76298,2.63341,4.07424,1.05479,1
6,3.4,4.5,1.6,1
6.64006,3.02563,4.64342,1.51666,1
5.87911,2.78296,3.87916,1.2365,1
4.8,3.4,1.6,0.2,0
6.68939,3.26637,5.69686,2.04578,2
7.16032,3.01696,5.87543,1.58647,2
5.04535,3.55413,1.40895,0.38857,0
6.32589,3.37411,5.55926,2.41968,2
4.83265,3.41311,1.71427,0.130936,0
4.98212,1.98405,3.44837,0.967118,1
4.9,3.1,1.5,0.2,0
6.2451,2.71784,4.82923,1.812,2
7.71568,2.6106,6.97806,2.26321,2
6.3,2.8,5.1,1.5,2
7.36963,2.88681,6.40082,1.76129,2
5.40833,3.92541,1.59793,0.49951,0
6.29252,2.19028,4.4533,1.57387,1
5.40506,3.89661,1.69837,0.373232,0
7.75491,2.61648,6.92853,2.41992,2
6.9,3.1,5.4,2.1,2
4.80287,3.4805,1.66138,0.147913,0
4.79694,3.18247,1.60984,0.126628,0
4.79482,2.89313,1.40429,0.139145,0
7.13988,3.62582,6.15667,2.5135,2
6.7336,3.11458,4.67601,1.52133,1
5.54742,3.07774,4.08712,1.35197,1
5.90826,2.77414,5.10597,2.48344,2
6.5,3,5.5,1.8,2
5.54887,2.38637,3.83614,1.1256,1
5.90213,2.97012,4.8054,1.76661,2
7.70593,3.11838,6.10792,2.27475,2
5.27249,2.57962,3.90372,1.37034,1
5.1107,3.46542,1.3608,0.268014,0
5.48241,2.27702,3.99041,1.28846,1
6.3,2.9,5.6,1.8,2
5.09394,3.57945,1.4781,0.146223,0
5.50648,4.21009,1.40841,0.187047,0
6.92765,3.16122,5.75198,2.28076,2
4.83577,2.99668,1.31562,0.223726,0
7.10349,3.01482,5.91788,2.11984,2
7.26898,2.91578,6.27666,1.80918,2
5.0479,3.24663,1.17861,0.257874,0
6.05579,2.14637,3.92398,1.0306,1
6.18771,2.83191,3.96927,1.33624,1
6.71807,2.95814,5.43827,2.10002,2
5.56049,2.50245,3.99906,1.26185,1
7.17296,3.62971,6.09611,2.47035,2
7.6923,2.8791,6.66305,1.88902,2
5.5,3.5,1.3,0.2,0
6.63993,3.1026,4.63292,1.51865,1
4.90771,3.0472,1.52967,0.0582121,0
4.73055,3.15481,1.64732,0.224657,0
5.87865,2.93509,4.18645,1.49864,1
6.49608,3.19861,5.07652,2.05087,2
5.1,3.7,1.5,0.4,0
6.39122,2.78909,5.22077,1.91243,2
6,2.2,5,1.5,2
6.38115,2.72021,5.56745,2.2421,2
7.2,3.6,6.1,2.5,2
4.64731,3.13218,1.58976,0.269093,0
7.49253,2.83911,6.11673,1.92265,2
5.45646,3.71205,1.52942,0.27912,0
5.7473,3.79391,1.71491,0.193147,0
5.083,3.4867,1.34072,0.283012,0
5.01368,2.96103,1.57265,0.173657,0
4.60478,3.61698,1.03475,0.110788,0
7.4,2.8,6.1,1.9,2
5.45557,3.86801,1.79286,0.416201,0
6.54712,2.66249,4.46275,1.52433,1
6.66189,2.87978,4.71263,1.3769,1
6.10012,2.75963,3.92907,1.30789,1
5.09669,2.59968,3.8904,1.3662,1
6.27973,3.34554,5.96938,2.5328,2
5.54654,2.92628,3.52531,1.29904,1
7.21617,2.87654,6.34019,1.78354,2
5.46042,2.41364,3.80864,1.03998,1
7.24064,2.98786,5.71763,1.57351,2
5.28852,3.54692,1.46588,0.230762,0
5.10542,3.37388,1.38999,0.216387,0
5.08317,3.85517,1.53863,0.319512,0
6.73449,3.02462,4.98584,1.65619,1
6.43698,3.07348,5.45697,1.79964,2
5.47722,3.94623,1.30502,0.405832,0
7.90057,3.81094,6.38955,1.97384,2
5.76248,4.38164,1.52068,0.386118,0
6.57455,2.92924,4.61038,1.23787,1
5.51342,3.48616,1.26258,0.133434,0
4.94696,3.52634,1.37141,0.117802,0
5.43285,2.4234,3.84593,1.05294,1
4.87477,2.97014,1.59023,0.242097,0
7.75103,3.04532,6.08893,2.25113,2
4.98604,2.01469,3.54684,0.937362,1
5.5579,3.49801,1.25292,0.167085,0
5.44739,3.0869,4.55871,1.52662,1
7.2,3.2,6,1.8,2
6.43431,3.19117,5.28862,2.26277,2
4.9,2.5,4.5,1.7,2
5.79991,2.58891,3.85557,1.10625,1
5.78659,2.62954,3.81813,1.23958,1
4.89147,3.12636,1.55309,0.258169,0
5.12374,3.45735,1.43809,0.253635,0
6.63193,2.80099,4.64662,1.35928,1
4.97767,2.50652,3.36893,1.07151,1
6.5,3.2,5.1,2,2
